Date,Up 4-5%+ today,Down 4-5%+ today,Up 20%+ in 5d,Down 20%+ in 5d,Above 20dma,Below 20dma,Above 50dma,Below 50dma,Above 200dma,Below 200dma
29th Jan 2026,133,46,26,4,527,1590,420,1697,558,1559
28th Jan 2026,311,17,14,6,501,1620,406,1714,546,1575
27th Jan 2026,88,84,4,12,279,1837,296,1820,464,1652
23rd Jan 2026,48,160,2,5,262,1846,277,1830,479,1629
22nd Jan 2026,152,57,2,5,346,1771,351,1766,532,1585
21st Jan 2026,53,126,19,4,220,1897,270,1847,473,1644
20th Jan 2026,33,260,23,2,281,1834,336,1779,530,1585
19th Jan 2026,40,65,29,3,458,1664,485,1637,630,1492
16th Jan 2026,69,26,25,7,540,1589,538,1591,673,1456
14th Jan 2026,79,19,8,5,544,1581,549,1577,687,1439
13th Jan 2026,69,19,5,4,472,1652,514,1610,670,1454
12th Jan 2026,60,74,5,3,416,1709,495,1630,662,1463
9th Jan 2026,16,103,4,3,420,1704,533,1591,681,1443
8th Jan 2026,15,139,6,3,660,1464,691,1433,764,1360
7th Jan 2026,69,16,13,3,1047,1077,901,1223,850,1274
6th Jan 2026,42,26,15,1,1011,1113,865,1259,835,1289
5th Jan 2026,62,36,14,1,1130,995,925,1200,856,1269
2nd Jan 2026,97,11,11,1,1309,815,947,1177,861,1263
1st Jan 2026,63,15,8,2,1064,1061,821,1304,813,1312
31st Dec 2025,85,17,9,2,1041,1083,798,1326,806,1318
30th Dec 2025,60,36,11,1,770,1354,685,1439,761,1363
29th Dec 2025,43,48,13,0,746,1380,711,1415,763,1363
26th Dec 2025,66,20,21,0,921,1204,761,1364,793,1332
24th Dec 2025,58,12,16,0,1080,1045,795,1330,810,1315
23rd Dec 2025,70,16,11,2,1132,994,808,1318,820,1306
22nd Dec 2025,118,11,9,1,1007,1119,746,1380,805,1321
19th Dec 2025,62,14,7,3,648,1475,623,1500,745,1378
18th Dec 2025,37,26,10,4,465,1654,491,1628,695,1424
17th Dec 2025,29,42,13,4,498,1622,550,1570,715,1405
16th Dec 2025,35,24,14,3,621,1495,615,1502,744,1373
15th Dec 2025,68,19,12,3,742,1373,652,1463,770,1346
12th Dec 2025,83,10,8,4,666,1451,635,1482,747,1371
11th Dec 2025,56,12,6,3,477,1636,545,1568,728,1385
10th Dec 2025,55,23,9,2,387,1727,478,1636,709,1405
9th Dec 2025,94,10,3,3,373,1735,485,1623,698,1411
8th Dec 2025,17,265,2,2,304,1804,444,1664,667,1442
5th Dec 2025,37,34,6,2,525,1576,609,1492,764,1338
4th Dec 2025,26,22,3,2,527,1575,616,1486,783,1319
3rd Dec 2025,20,37,1,2,522,1576,617,1481,786,1313
2nd Dec 2025,26,34,6,2,625,1476,685,1416,807,1295
1st Dec 2025,61,21,5,5,733,1367,734,1366,841,1259
28th Nov 2025,56,20,4,5,751,1345,753,1343,844,1252
27th Nov 2025,53,15,6,4,744,1350,741,1353,833,1261
26th Nov 2025,96,12,5,3,741,1351,737,1355,848,1244
25th Nov 2025,59,11,6,4,537,1554,619,1472,793,1298
24th Nov 2025,28,90,5,2,513,1573,619,1468,780,1307
21st Nov 2025,33,36,7,3,600,1502,685,1419,844,1260
20th Nov 2025,37,24,12,5,749,1354,810,1294,882,1222
19th Nov 2025,43,34,9,5,774,1329,815,1289,900,1204
18th Nov 2025,39,37,12,6,770,1333,825,1279,901,1203
17th Nov 2025,91,49,10,5,930,1174,896,1209,945,1160
14th Nov 2025,73,44,12,5,863,1240,867,1237,924,1180
13th Nov 2025,73,48,12,3,848,1255,863,1241,953,1151
12th Nov 2025,102,31,8,4,886,1217,898,1206,965,1139
11th Nov 2025,70,53,8,8,740,1364,809,1296,922,1183
10th Nov 2025,83,90,11,8,736,1369,810,1296,926,1180
7th Nov 2025,70,42,11,3,666,1440,806,1300,924,1182
6th Nov 2025,44,148,13,4,601,1505,801,1305,913,1193
4th Nov 2025,41,30,16,2,880,1225,971,1134,1018,1087
3rd Nov 2025,95,40,17,3,1099,1007,1084,1022,1057,1049
31st Oct 2025,47,32,13,2,983,1120,1021,1082,1031,1072
30th Oct 2025,49,26,11,2,1130,972,1100,1002,1059,1043
29th Oct 2025,85,26,11,0,1172,929,1104,997,1070,1031
28th Oct 2025,63,32,12,1,1008,1098,1004,1102,1031,1075
27th Oct 2025,79,36,18,2,1028,1081,1010,1099,1050,1059
24th Oct 2025,47,27,18,3,993,1114,980,1127,1017,1090
23rd Oct 2025,83,52,23,3,1080,1027,1019,1088,1041,1066
21st Oct 2025,62,2,25,0,1136,970,1037,1069,1049,1057
20th Oct 2025,99,39,15,2,945,1164,917,1192,1001,1108
17th Oct 2025,47,40,14,1,849,1258,862,1245,967,1140
16th Oct 2025,78,33,16,2,937,1170,926,1181,1000,1107
15th Oct 2025,90,28,15,2,833,1274,877,1230,969,1138
14th Oct 2025,46,62,23,3,674,1433,782,1325,931,1176
13th Oct 2025,51,44,16,4,864,1245,907,1202,993,1116
10th Oct 2025,88,25,21,3,1011,1096,979,1128,1032,1075
9th Oct 2025,87,39,31,4,910,1198,927,1181,1008,1100
8th Oct 2025,78,25,31,2,826,1282,881,1227,992,1116
7th Oct 2025,63,31,24,1,911,1197,936,1172,1010,1098
6th Oct 2025,81,34,19,1,938,1170,950,1158,1011,1097
3rd Oct 2025,127,14,12,1,918,1189,931,1176,1023,1085
1st Oct 2025,125,10,13,1,698,1410,795,1313,969,1140
30th Sep 2025,45,28,8,2,500,1607,629,1478,897,1211
29th Sep 2025,65,60,13,2,459,1650,636,1473,890,1220
26th Sep 2025,15,121,19,2,458,1648,627,1479,900,1207
25th Sep 2025,43,37,22,1,766,1340,915,1191,1027,1080
24th Sep 2025,55,30,21,2,957,1149,1078,1028,1091,1016
23rd Sep 2025,72,25,22,2,1138,968,1182,924,1135,972
22nd Sep 2025,81,42,27,2,1240,870,1224,887,1173,938
19th Sep 2025,71,24,22,1,1427,679,1326,782,1199,909
18th Sep 2025,60,21,21,1,1480,625,1335,771,1193,913
17th Sep 2025,78,21,27,0,1494,608,1332,771,1189,914
16th Sep 2025,86,15,20,0,1429,673,1278,825,1162,941
15th Sep 2025,94,17,17,1,1346,758,1157,948,1109,996
12th Sep 2025,60,14,19,1,1246,857,1105,999,1077,1027
11th Sep 2025,58,24,27,1,1250,853,1089,1015,1063,1041
10th Sep 2025,98,23,18,0,1237,866,1079,1025,1064,1040
9th Sep 2025,75,33,26,0,1044,1058,936,1167,1007,1096
8th Sep 2025,134,18,33,1,1035,1068,920,1184,1012,1092
5th Sep 2025,93,15,28,1,931,1170,881,1221,973,1129
4th Sep 2025,52,31,19,2,962,1136,874,1225,987,1112
3rd Sep 2025,118,13,16,0,1067,1029,929,1168,1003,1094
2nd Sep 2025,122,25,12,1,885,1210,801,1296,960,1137
1st Sep 2025,129,18,12,3,746,1351,719,1379,924,1174
29th Aug 2025,54,26,8,2,525,1568,589,1505,841,1253
28th Aug 2025,34,64,6,2,536,1557,606,1488,856,1238
26th Aug 2025,29,65,11,3,646,1442,702,1387,919,1170
25th Aug 2025,72,37,23,1,965,1125,913,1178,1015,1076
22nd Aug 2025,53,20,22,0,937,1150,917,1171,1004,1084
21st Aug 2025,60,22,22,0,1051,1037,982,1107,1020,1069
20th Aug 2025,113,12,21,1,1034,1051,972,1114,1017,1069
19th Aug 2025,134,14,19,1,972,1112,917,1168,1007,1078
18th Aug 2025,153,32,18,2,794,1292,818,1269,958,1129
14th Aug 2025,49,78,16,4,554,1526,652,1428,890,1191
13th Aug 2025,115,49,10,5,605,1476,693,1388,928,1154
12th Aug 2025,80,53,5,6,503,1577,624,1457,896,1185
11th Aug 2025,85,67,5,4,444,1636,609,1472,885,1196
8th Aug 2025,50,78,7,4,375,1706,557,1524,856,1225
7th Aug 2025,56,54,6,5,448,1632,643,1437,937,1143
6th Aug 2025,38,76,7,5,466,1612,648,1430,950,1128
5th Aug 2025,49,41,9,5,582,1494,744,1332,1010,1066
4th Aug 2025,93,48,12,4,583,1494,790,1287,1033,1044
1st Aug 2025,35,121,10,0,454,1620,722,1352,986,1088
31st Jul 2025,58,50,9,1,592,1478,880,1190,1084,986
30th Jul 2025,92,32,10,1,687,1380,997,1070,1121,946
29th Jul 2025,121,18,10,1,619,1448,964,1102,1114,953
28th Jul 2025,35,120,8,4,499,1571,818,1252,1051,1019
25th Jul 2025,24,91,9,3,642,1423,1020,1046,1144,922
24th Jul 2025,48,35,12,2,973,1093,1326,740,1280,785
23rd Jul 2025,53,27,16,2,1101,963,1377,687,1294,770
22nd Jul 2025,62,21,17,2,1052,1011,1389,675,1294,770
21st Jul 2025,72,36,16,3,1152,914,1448,618,1296,770
18th Jul 2025,51,20,17,1,1178,884,1489,573,1318,744
17th Jul 2025,67,14,18,1,1351,710,1577,484,1346,715
16th Jul 2025,92,13,14,0,1357,704,1580,481,1334,727
15th Jul 2025,104,10,11,0,1278,783,1514,547,1301,760
14th Jul 2025,75,19,17,0,1018,1043,1383,678,1226,835
11th Jul 2025,45,16,10,0,1009,1051,1421,639,1224,836
10th Jul 2025,75,11,14,1,1230,826,1526,530,1279,777
9th Jul 2025,79,8,10,1,1267,788,1530,526,1269,787
8th Jul 2025,55,17,12,1,1236,820,1516,540,1262,794
7th Jul 2025,67,26,20,1,1292,766,1545,513,1273,785
4th Jul 2025,68,16,18,1,1402,655,1597,460,1288,769
3rd Jul 2025,75,14,21,1,1382,672,1569,485,1269,785
2nd Jul 2025,58,20,22,2,1364,687,1553,498,1240,811
1st Jul 2025,85,23,26,0,1467,581,1594,454,1256,792
30th Jun 2025,120,15,28,0,1498,550,1595,453,1265,783
27th Jun 2025,93,14,23,0,1447,600,1562,485,1248,799
26th Jun 2025,63,14,22,0,1381,667,1539,509,1215,833
25th Jun 2025,158,7,10,0,1373,674,1536,511,1213,834
24th Jun 2025,102,15,5,1,1064,984,1374,673,1117,932
23rd Jun 2025,71,20,4,2,841,1206,1212,835,1063,985
20th Jun 2025,81,14,7,3,840,1206,1253,793,1053,994
19th Jun 2025,17,89,6,3,608,1437,1141,904,1007,1039
18th Jun 2025,43,31,4,1,961,1082,1387,656,1126,918
17th Jun 2025,52,44,8,1,1036,1007,1438,605,1159,885
16th Jun 2025,77,16,11,1,1272,771,1537,506,1204,840
13th Jun 2025,40,27,20,1,1213,829,1553,489,1176,867
12th Jun 2025,43,50,26,0,1455,586,1632,409,1237,805
11th Jun 2025,117,20,31,0,1676,363,1739,300,1314,726
10th Jun 2025,110,11,34,1,1675,364,1719,320,1290,750
9th Jun 2025,159,11,24,0,1654,385,1699,340,1263,777
6th Jun 2025,119,19,23,0,1521,518,1605,434,1183,857
5th Jun 2025,119,6,14,0,1480,559,1538,501,1133,907
4th Jun 2025,99,21,13,0,1399,639,1519,519,1098,941
3rd Jun 2025,71,26,17,0,1341,695,1508,529,1075,963
2nd Jun 2025,124,50,23,0,1449,586,1541,494,1073,963
30th May 2025,95,60,28,0,1469,566,1550,485,1074,962
29th May 2025,104,42,34,0,1538,496,1573,461,1108,927
28th May 2025,103,31,24,1,1580,452,1587,445,1088,945
27th May 2025,81,26,27,1,1624,407,1616,416,1097,935
26th May 2025,115,41,18,0,1664,367,1648,384,1077,955
23rd May 2025,84,32,22,1,1671,358,1640,390,1058,972
22nd May 2025,72,38,26,1,1650,380,1607,424,1019,1012
21st May 2025,84,37,30,1,1713,316,1635,395,1029,1001
20th May 2025,58,74,54,1,1688,341,1620,410,993,1037
19th May 2025,182,28,82,0,1811,218,1726,304,1059,971
16th May 2025,195,26,167,0,1800,229,1682,348,1006,1024
15th May 2025,158,26,91,0,1757,272,1580,450,941,1089
14th May 2025,211,10,45,1,1736,292,1505,524,873,1156
13th May 2025,170,17,34,1,1622,406,1313,716,786,1243
12th May 2025,998,7,15,2,1481,547,1176,853,740,1289
9th May 2025,43,48,7,4,543,1484,652,1376,524,1504
8th May 2025,51,42,4,3,645,1383,688,1340,537,1490
7th May 2025,86,23,3,4,792,1236,807,1221,586,1442
6th May 2025,12,326,4,2,678,1349,710,1317,536,1491
5th May 2025,133,22,10,2,1082,945,948,1079,652,1375
2nd May 2025,39,35,5,4,829,1198,836,1191,606,1421
30th Apr 2025,18,112,6,5,891,1135,843,1183,609,1417
29th Apr 2025,55,33,10,2,1257,769,1064,962,667,1359
28th Apr 2025,65,37,18,2,1309,717,1095,931,680,1346
25th Apr 2025,20,379,20,1,1324,701,1060,965,662,1363
24th Apr 2025,90,28,31,2,1795,231,1443,583,782,1244
23rd Apr 2025,98,18,46,2,1813,213,1421,605,789,1237
22nd Apr 2025,141,17,73,2,1815,210,1408,617,773,1252
21st Apr 2025,191,13,104,2,1799,226,1319,706,745,1280
17th Apr 2025,89,12,45,2,1673,350,1123,900,661,1362
16th Apr 2025,149,14,72,2,1662,361,1061,962,618,1405
15th Apr 2025,456,5,16,1,1532,490,915,1107,564,1458
11th Apr 2025,315,5,6,3,934,1087,582,1439,448,1573
9th Apr 2025,39,94,6,18,523,1494,402,1615,362,1655
8th Apr 2025,266,14,7,8,576,1443,446,1573,377,1642
7th Apr 2025,5,842,12,17,305,1713,293,1725,302,1716
4th Apr 2025,30,470,22,8,816,1202,563,1455,447,1571
3rd Apr 2025,206,22,30,3,1441,577,886,1132,553,1465
2nd Apr 2025,158,10,11,2,1274,743,755,1262,504,1513
1st Apr 2025,303,34,6,3,1068,950,649,1369,443,1575
28th Mar 2025,53,64,9,2,910,1105,633,1382,481,1534
27th Mar 2025,127,92,13,1,1000,1014,651,1363,494,1520
26th Mar 2025,28,195,19,2,966,1049,599,1416,457,1558
25th Mar 2025,44,224,46,0,1198,816,698,1316,495,1519
24th Mar 2025,181,14,132,0,1507,504,834,1177,546,1466
21st Mar 2025,236,12,56,0,1418,594,709,1304,473,1540
20th Mar 2025,135,21,24,1,1167,844,574,1438,409,1603
19th Mar 2025,355,8,17,2,1073,936,485,1525,364,1646
18th Mar 2025,324,21,11,4,727,1282,326,1683,312,1698
17th Mar 2025,53,138,3,14,411,1596,239,1769,264,1744
13th Mar 2025,35,60,4,7,361,1645,228,1779,260,1747
12th Mar 2025,35,73,10,4,390,1615,234,1772,268,1738
11th Mar 2025,49,128,25,3,419,1587,234,1773,284,1723
10th Mar 2025,33,389,31,2,459,1546,243,1763,292,1714
7th Mar 2025,174,20,33,3,737,1268,297,1709,334,1672
6th Mar 2025,260,10,10,3,588,1418,272,1735,307,1700
5th Mar 2025,494,10,3,8,380,1626,196,1811,271,1736
4th Mar 2025,154,51,3,20,191,1814,153,1853,221,1785
3rd Mar 2025,61,312,0,28,131,1874,122,1884,206,1800
28th Feb 2025,22,421,1,12,119,1884,135,1869,224,1779
27th Feb 2025,24,292,7,5,207,1795,167,1836,276,1727
25th Feb 2025,54,46,23,2,258,1743,192,1810,321,1681
24th Feb 2025,34,96,11,5,253,1749,185,1818,311,1692
21st Feb 2025,75,44,12,9,310,1688,211,1788,361,1638
20th Feb 2025,233,17,7,23,327,1672,214,1785,371,1628
19th Feb 2025,410,36,7,36,242,1756,176,1822,333,1665
18th Feb 2025,29,337,4,68,147,1851,144,1854,289,1709
17th Feb 2025,64,246,2,68,160,1839,150,1849,311,1688
14th Feb 2025,18,605,2,74,147,1848,154,1841,318,1677
13th Feb 2025,79,83,3,33,238,1757,220,1775,419,1576
12th Feb 2025,77,125,3,23,229,1766,216,1779,418,1578
11th Feb 2025,17,612,6,16,193,1802,209,1786,432,1564
10th Feb 2025,18,253,15,7,433,1564,338,1659,573,1425
7th Feb 2025,43,68,12,2,746,1245,463,1528,671,1321
6th Feb 2025,104,38,15,1,843,1147,509,1481,707,1284
5th Feb 2025,177,21,16,1,859,1129,516,1472,712,1277
4th Feb 2025,159,26,16,3,658,1329,417,1570,649,1339
3rd Feb 2025,51,234,31,3,465,1524,331,1658,577,1413
1st Feb 2025,159,58,16,4,639,1346,373,1612,638,1348
31st Jan 2025,216,32,4,9,573,1413,338,1648,620,1367
30th Jan 2025,100,66,1,18,323,1662,262,1723,534,1452
29th Jan 2025,435,32,1,17,290,1694,243,1741,521,1464
28th Jan 2025,50,218,1,44,142,1842,169,1815,430,1555
27th Jan 2025,12,724,2,31,159,1828,196,1791,465,1523
24th Jan 2025,22,169,3,9,287,1696,302,1681,606,1378
23rd Jan 2025,88,33,3,8,414,1568,381,1601,693,1290
22nd Jan 2025,17,140,7,3,330,1652,337,1645,665,1318
21st Jan 2025,29,120,13,1,429,1553,403,1579,722,1261
20th Jan 2025,156,28,31,2,617,1367,504,1480,828,1157
17th Jan 2025,82,21,9,1,448,1533,424,1557,765,1217
16th Jan 2025,152,13,5,2,395,1584,394,1586,752,1229
15th Jan 2025,90,34,4,6,247,1732,315,1664,703,1277
14th Jan 2025,280,17,4,5,210,1768,297,1681,686,1293
13th Jan 2025,14,880,4,8,162,1817,254,1725,596,1384
10th Jan 2025,19,244,6,6,291,1686,416,1561,788,1190
9th Jan 2025,32,87,7,3,460,1517,559,1418,916,1062
8th Jan 2025,51,38,13,2,567,1412,652,1327,995,985
7th Jan 2025,192,13,22,2,659,1319,731,1247,1051,928
6th Jan 2025,24,643,11,3,442,1536,578,1400,957,1022
3rd Jan 2025,96,10,20,2,1001,975,927,1050,1187,791
2nd Jan 2025,107,15,15,3,1023,953,915,1062,1175,803
1st Jan 2025,165,14,11,2,780,1152,778,1155,1075,858
31st Dec 2024,94,24,11,3,581,1392,686,1288,1053,922
30th Dec 2024,68,98,11,3,490,1483,631,1343,1018,957
27th Dec 2024,73,27,11,1,541,1424,691,1275,1061,906
26th Dec 2024,63,42,11,1,493,1471,664,1301,1052,914
24th Dec 2024,89,18,14,2,540,1424,682,1283,1080,886
23rd Dec 2024,54,65,12,2,509,1458,667,1301,1066,903
20th Dec 2024,29,208,13,3,542,1419,718,1244,1086,877
19th Dec 2024,77,28,20,1,845,1116,932,1030,1224,739
18th Dec 2024,51,49,16,0,906,1052,1012,947,1256,704
17th Dec 2024,86,29,19,1,1137,820,1150,808,1310,649
16th Dec 2024,134,19,22,2,1342,617,1259,701,1350,611
13th Dec 2024,75,17,27,3,1298,658,1236,722,1332,627
12th Dec 2024,54,47,26,0,1396,560,1266,691,1362,596
11th Dec 2024,107,17,33,0,1587,369,1394,563,1402,556
10th Dec 2024,134,29,36,0,1600,357,1354,604,1390,569
9th Dec 2024,148,15,41,2,1608,350,1348,611,1370,590
6th Dec 2024,132,8,39,0,1602,352,1326,629,1357,599
5th Dec 2024,91,13,30,0,1553,401,1262,693,1336,620
4th Dec 2024,141,15,40,0,1561,393,1231,724,1322,634
3rd Dec 2024,154,12,38,0,1540,414,1158,797,1273,683
2nd Dec 2024,190,16,44,1,1353,603,970,987,1212,746
29th Nov 2024,99,15,41,0,1230,723,854,1100,1164,791
28th Nov 2024,103,11,33,0,1101,852,788,1167,1115,841
27th Nov 2024,165,14,20,2,1059,893,755,1198,1093,861
26th Nov 2024,143,24,21,4,852,1100,628,1325,1038,916
25th Nov 2024,184,17,20,6,741,1214,586,1370,1005,952
22nd Nov 2024,99,15,26,8,475,1475,464,1487,935,1017
21st Nov 2024,50,88,10,14,390,1561,416,1536,836,1117
19th Nov 2024,124,19,6,13,422,1529,467,1485,921,1032
18th Nov 2024,106,106,9,26,338,1616,393,1562,865,1091
14th Nov 2024,111,56,6,17,328,1656,389,1596,918,1068
13th Nov 2024,16,493,8,14,246,1738,342,1643,878,1108
12th Nov 2024,36,139,16,5,499,1485,535,1450,1090,896
11th Nov 2024,57,130,20,1,694,1291,668,1318,1182,805
8th Nov 2024,56,87,17,1,799,1184,745,1239,1235,750
7th Nov 2024,81,37,26,1,1099,886,861,1125,1308,679
6th Nov 2024,222,10,25,1,1248,737,912,1074,1317,670
5th Nov 2024,116,14,25,1,824,1160,704,1280,1214,772
4th Nov 2024,49,85,27,1,690,1296,640,1347,1184,804
1st Nov 2024,113,2,61,3,1055,930,800,1186,1265,722
31st Oct 2024,154,14,16,3,772,1212,639,1346,1210,776
30th Oct 2024,274,14,10,3,600,1383,561,1423,1153,832
29th Oct 2024,120,36,9,10,372,1611,461,1523,1069,916
28th Oct 2024,181,48,2,18,276,1708,390,1594,1027,958
25th Oct 2024,16,332,1,15,208,1777,333,1652,995,991
24th Oct 2024,49,74,2,4,282,1702,432,1552,1106,879
23rd Oct 2024,115,41,4,3,294,1689,463,1520,1138,846
22nd Oct 2024,13,727,6,3,244,1738,411,1571,1118,865
21st Oct 2024,65,140,19,1,514,1470,700,1284,1288,697
18th Oct 2024,66,24,18,1,710,1271,866,1115,1394,588
17th Oct 2024,38,60,23,0,709,1271,853,1127,1390,591
16th Oct 2024,122,15,30,0,931,1049,1021,959,1463,518
15th Oct 2024,116,15,27,0,894,1085,1005,974,1456,524
14th Oct 2024,93,23,38,0,845,1136,972,1009,1446,536
11th Oct 2024,96,7,19,2,792,1186,930,1048,1447,532
10th Oct 2024,132,16,15,3,741,1237,911,1067,1446,533
9th Oct 2024,178,7,7,2,644,1333,850,1127,1426,552
8th Oct 2024,363,17,6,1,489,1487,735,1241,1369,608
7th Oct 2024,16,666,5,4,268,1710,533,1445,1245,734
4th Oct 2024,39,65,11,2,522,1453,866,1109,1452,524
3rd Oct 2024,51,99,18,3,642,1331,969,1004,1485,489
1st Oct 2024,126,15,16,3,1030,943,1185,788,1577,397
30th Sep 2024,78,34,16,3,916,1057,1128,845,1564,410
27th Sep 2024,98,34,24,2,972,997,1141,828,1566,404
26th Sep 2024,54,30,26,1,947,1021,1144,824,1567,402
25th Sep 2024,62,30,17,2,1017,952,1189,780,1588,382
24th Sep 2024,97,26,18,1,1101,865,1229,737,1598,369
23rd Sep 2024,150,13,17,1,1088,880,1228,740,1606,363
20th Sep 2024,147,18,13,2,943,1023,1162,804,1568,399
19th Sep 2024,35,90,19,3,786,1180,1079,887,1529,438
18th Sep 2024,70,40,26,3,1007,958,1218,747,1604,362
17th Sep 2024,76,33,22,2,1156,809,1293,672,1629,337
16th Sep 2024,123,23,29,0,1227,735,1333,629,1648,315
13th Sep 2024,124,16,22,2,1194,766,1327,633,1637,324
12th Sep 2024,94,16,15,2,1078,880,1242,717,1605,355
11th Sep 2024,64,44,21,1,923,1033,1172,784,1576,381
10th Sep 2024,135,13,22,1,1102,853,1271,684,1602,354
9th Sep 2024,82,52,24,2,880,1076,1135,821,1558,399
6th Sep 2024,50,42,21,1,975,980,1203,752,1577,379
5th Sep 2024,128,13,30,1,1217,735,1345,608,1618,336
4th Sep 2024,101,19,17,1,1133,820,1294,659,1599,355
3rd Sep 2024,95,18,14,2,1172,780,1312,640,1600,353
2nd Sep 2024,70,38,18,3,1148,803,1313,638,1597,355
30th Aug 2024,109,16,17,1,1267,682,1381,568,1620,330
29th Aug 2024,47,34,19,0,1187,763,1339,611,1614,337
28th Aug 2024,73,27,25,0,1338,611,1418,531,1636,314
27th Aug 2024,124,26,41,1,1406,541,1441,506,1642,306
26th Aug 2024,134,38,53,1,1370,578,1412,537,1623,326
23rd Aug 2024,124,17,63,1,1408,538,1394,553,1623,324
22nd Aug 2024,146,17,61,1,1439,507,1416,531,1620,327
21st Aug 2024,182,14,49,0,1331,615,1338,609,1583,364
20th Aug 2024,180,28,29,2,1167,777,1249,696,1556,389
19th Aug 2024,243,15,36,2,1043,903,1167,780,1528,419
16th Aug 2024,180,32,26,5,835,1108,1027,917,1463,481
14th Aug 2024,63,119,20,5,628,1315,909,1035,1429,515
13th Aug 2024,49,187,36,3,666,1275,993,949,1455,487
12th Aug 2024,134,65,34,3,868,1074,1136,807,1522,421
9th Aug 2024,156,43,17,4,863,1076,1155,785,1535,405
8th Aug 2024,102,48,17,4,738,1199,1076,862,1512,426
7th Aug 2024,316,10,12,4,760,1177,1133,805,1522,416
6th Aug 2024,62,110,7,5,483,1453,866,1071,1439,498
5th Aug 2024,26,802,16,5,486,1452,927,1012,1464,475
2nd Aug 2024,86,32,24,1,1127,809,1408,529,1636,301
1st Aug 2024,80,60,41,0,1289,647,1501,436,1645,292
31st Jul 2024,119,29,47,0,1467,467,1585,350,1660,275
30th Jul 2024,151,13,58,0,1472,461,1567,367,1661,273
29th Jul 2024,158,23,51,0,1425,511,1547,390,1648,289
26th Jul 2024,166,14,40,0,1328,604,1491,442,1618,315
25th Jul 2024,143,25,31,0,1119,812,1347,585,1580,352
24th Jul 2024,283,7,22,1,1110,821,1362,571,1572,361
23rd Jul 2024,91,46,10,3,759,1172,1186,746,1517,415
22nd Jul 2024,117,34,18,3,846,1088,1262,673,1527,408
19th Jul 2024,27,220,16,5,724,1207,1211,721,1517,415
18th Jul 2024,74,82,29,2,1142,789,1458,474,1605,327
16th Jul 2024,106,24,25,0,1334,596,1548,383,1633,298
15th Jul 2024,119,26,30,0,1335,598,1535,398,1631,302
12th Jul 2024,90,40,22,0,1308,622,1518,412,1623,307
11th Jul 2024,139,8,30,0,1393,536,1542,387,1627,302
10th Jul 2024,53,52,29,0,1327,600,1510,417,1599,328
9th Jul 2024,118,24,33,0,1496,431,1571,356,1637,290
8th Jul 2024,121,35,35,0,1471,458,1567,362,1631,298
5th Jul 2024,142,5,58,0,1559,367,1606,320,1644,281
4th Jul 2024,136,16,48,0,1543,383,1585,341,1626,300
3rd Jul 2024,149,11,28,1,1539,386,1565,360,1623,302
2nd Jul 2024,129,22,34,1,1452,473,1532,393,1605,320
1st Jul 2024,234,12,40,0,1446,480,1537,389,1591,335
28th Jun 2024,97,18,31,0,1312,613,1442,483,1550,375
27th Jun 2024,59,66,26,1,1277,648,1392,533,1543,382
26th Jun 2024,108,24,39,1,1427,495,1506,417,1577,346
25th Jun 2024,85,30,40,0,1498,425,1520,403,1571,352
24th Jun 2024,153,22,40,0,1521,403,1540,384,1583,341
21st Jun 2024,98,43,35,0,1591,329,1554,366,1583,337
20th Jun 2024,173,10,58,0,1621,301,1572,349,1582,340
19th Jun 2024,115,25,54,0,1543,378,1510,412,1537,385
18th Jun 2024,181,19,69,0,1621,302,1534,389,1549,374
14th Jun 2024,137,9,62,0,1646,275,1542,379,1548,373
13th Jun 2024,160,8,80,0,1632,289,1509,412,1523,398
12th Jun 2024,143,10,111,0,1603,318,1446,474,1481,440
11th Jun 2024,180,11,160,0,1519,402,1357,564,1459,462
10th Jun 2024,194,12,26,1,1436,486,1254,668,1415,507
7th Jun 2024,259,4,21,0,1273,647,1120,800,1359,561
6th Jun 2024,431,2,11,1,891,1029,909,1011,1264,655
5th Jun 2024,547,45,7,4,494,1426,659,1261,1118,801
4th Jun 2024,11,1232,7,13,267,1651,476,1443,968,951
3rd Jun 2024,243,19,11,2,836,1083,914,1006,1270,650
31st May 2024,85,46,8,2,639,1275,787,1128,1221,694
30th May 2024,36,90,8,4,603,1310,789,1125,1222,692
29th May 2024,70,40,11,0,770,1142,917,997,1280,634
28th May 2024,39,80,5,0,821,1091,926,987,1308,605
27th May 2024,77,78,14,2,934,983,1029,889,1347,571
24th May 2024,63,61,16,0,1020,893,1097,817,1376,538
23rd May 2024,71,32,27,0,1119,793,1130,783,1403,510
22nd May 2024,95,36,28,1,1113,799,1162,751,1383,530
21st May 2024,103,81,28,0,1142,774,1152,765,1391,526
18th May 2024,78,7,34,0,1312,593,1226,680,1420,486
17th May 2024,124,11,27,0,1167,744,1158,754,1397,515
16th May 2024,88,18,19,1,1045,867,1047,866,1377,536
15th May 2024,129,20,11,1,943,967,1008,903,1362,549
14th May 2024,204,14,13,1,811,1100,956,955,1334,577
13th May 2024,86,41,12,4,575,1338,795,1118,1273,640
10th May 2024,90,20,6,2,557,1352,800,1109,1279,630
9th May 2024,14,228,7,1,435,1474,716,1193,1247,662
8th May 2024,77,28,10,4,785,1125,1004,906,1360,550
7th May 2024,38,113,11,0,670,1239,959,950,1341,568
6th May 2024,68,96,23,2,993,921,1133,781,1421,493
3rd May 2024,67,30,20,0,1234,674,1271,638,1461,448
2nd May 2024,112,29,18,0,1351,558,1337,572,1488,421
30th Apr 2024,78,22,17,1,1449,460,1379,530,1497,412
29th Apr 2024,92,20,25,2,1484,427,1397,515,1502,410
26th Apr 2024,88,17,33,3,1484,422,1379,527,1485,421
25th Apr 2024,109,21,35,3,1473,434,1361,546,1479,428
24th Apr 2024,137,16,38,5,1464,443,1346,561,1478,429
23rd Apr 2024,159,24,47,5,1378,527,1252,653,1452,453
22nd Apr 2024,228,14,29,5,1235,674,1153,756,1419,490
19th Apr 2024,77,17,27,5,894,1010,969,936,1367,538
18th Apr 2024,100,29,16,6,940,965,970,935,1374,531
16th Apr 2024,107,17,14,3,974,929,1031,872,1369,534
15th Apr 2024,33,139,17,3,881,1026,971,936,1354,553
12th Apr 2024,57,42,28,2,1344,559,1219,685,1457,447
10th Apr 2024,84,29,33,2,1508,396,1317,587,1483,421
9th Apr 2024,78,24,40,0,1533,369,1278,624,1464,438
8th Apr 2024,104,31,61,0,1657,248,1365,540,1491,414
5th Apr 2024,138,5,144,0,1698,205,1418,485,1501,402
4th Apr 2024,159,10,102,0,1670,232,1335,567,1471,431
3rd Apr 2024,264,2,53,0,1633,268,1245,656,1430,471
2nd Apr 2024,268,8,21,0,1473,427,1078,822,1357,543
1st Apr 2024,723,4,33,1,1210,691,924,977,1296,605
28th Mar 2024,87,37,30,3,737,1162,693,1206,1138,761
27th Mar 2024,110,82,24,2,660,1239,642,1257,1133,766
26th Mar 2024,90,100,15,3,579,1323,614,1288,1129,773
22nd Mar 2024,151,18,26,2,617,1281,622,1276,1186,712
21st Mar 2024,236,14,21,3,424,1473,535,1362,1155,742
20th Mar 2024,86,34,30,1,251,1642,376,1517,1075,818
19th Mar 2024,60,51,8,6,228,1664,374,1518,1061,831
18th Mar 2024,142,25,3,9,280,1613,475,1418,1120,773
15th Mar 2024,108,53,4,21,227,1665,453,1439,1103,789
14th Mar 2024,595,22,1,17,233,1658,449,1442,1094,797
13th Mar 2024,7,1116,0,127,121,1768,318,1571,956,933
12th Mar 2024,16,429,3,20,336,1551,548,1339,1188,699
11th Mar 2024,30,369,5,12,456,1435,709,1182,1309,582
7th Mar 2024,106,18,7,7,634,1253,865,1022,1410,477
6th Mar 2024,24,211,13,9,556,1329,828,1057,1397,488
5th Mar 2024,56,91,9,4,772,1113,995,890,1459,426
4th Mar 2024,68,79,12,6,876,1011,1069,819,1484,404
2nd Mar 2024,66,16,15,4,987,888,1146,729,1511,364
1st Mar 2024,142,22,13,3,848,1037,1066,819,1488,397
29th Feb 2024,74,35,16,4,696,1185,998,883,1450,431
28th Feb 2024,33,167,15,4,643,1238,953,928,1461,420
27th Feb 2024,62,52,23,3,940,940,1140,740,1525,355
26th Feb 2024,95,36,29,2,1006,878,1198,686,1554,330
23rd Feb 2024,123,19,29,2,1089,790,1226,653,1561,318
22nd Feb 2024,95,15,34,1,1032,848,1187,693,1558,322
21st Feb 2024,68,64,32,2,982,898,1185,695,1548,332
20th Feb 2024,131,21,58,1,1143,736,1239,640,1561,318
19th Feb 2024,203,20,49,1,1117,765,1228,654,1571,311
16th Feb 2024,154,15,14,2,1019,858,1193,684,1552,325
15th Feb 2024,209,28,11,6,889,985,1144,730,1525,349
14th Feb 2024,220,41,11,13,785,1085,1065,805,1499,371
13th Feb 2024,100,124,14,21,635,1234,1001,868,1460,409
12th Feb 2024,46,606,23,19,611,1261,1009,863,1462,410
9th Feb 2024,51,170,34,4,986,880,1245,621,1557,309
8th Feb 2024,100,85,50,4,1172,696,1349,519,1585,283
7th Feb 2024,169,46,51,2,1275,593,1418,450,1609,259
6th Feb 2024,181,39,54,2,1239,628,1382,485,1598,269
5th Feb 2024,132,123,42,2,1129,738,1317,550,1593,274
2nd Feb 2024,127,43,63,1,1235,629,1394,470,1620,244
1st Feb 2024,119,44,81,1,1266,598,1421,443,1626,238
31st Jan 2024,206,31,89,1,1323,539,1450,412,1637,225
30th Jan 2024,141,29,50,1,1135,726,1354,507,1601,260
29th Jan 2024,199,28,58,1,1137,725,1344,518,1608,254
25th Jan 2024,175,25,50,1,1024,834,1297,561,1590,268
24th Jan 2024,187,28,35,1,958,900,1282,576,1581,277
23rd Jan 2024,29,408,20,4,732,1127,1187,672,1547,312
20th Jan 2024,139,8,28,1,1211,645,1438,418,1637,219
19th Jan 2024,167,9,26,1,1188,668,1434,422,1639,217
18th Jan 2024,99,16,24,2,1014,842,1358,498,1618,238
17th Jan 2024,42,30,28,2,1057,799,1392,464,1634,222
16th Jan 2024,56,66,25,1,1301,554,1508,346,1664,191
15th Jan 2024,135,19,46,1,1431,427,1579,279,1687,171
12th Jan 2024,118,22,30,1,1467,388,1589,266,1682,173
11th Jan 2024,155,14,42,2,1422,434,1569,287,1668,188
10th Jan 2024,124,19,48,1,1331,525,1531,325,1646,210
9th Jan 2024,109,16,42,0,1333,523,1544,312,1656,200
8th Jan 2024,118,32,40,1,1329,529,1536,322,1654,204
5th Jan 2024,99,12,48,0,1511,345,1598,258,1674,182
4th Jan 2024,143,9,56,0,1490,366,1582,274,1674,182
3rd Jan 2024,118,11,40,1,1391,465,1545,311,1669,187
2nd Jan 2024,128,11,32,0,1414,442,1539,317,1663,193
1st Jan 2024,162,12,39,0,1426,432,1531,327,1655,203
29th Dec 2023,88,17,30,1,1292,561,1443,410,1634,219
28th Dec 2023,84,29,41,1,1261,592,1425,428,1615,238
27th Dec 2023,90,23,23,1,1290,560,1444,406,1616,234
26th Dec 2023,152,11,25,1,1262,586,1425,423,1617,231
22nd Dec 2023,128,7,21,2,1188,659,1396,451,1593,254
21st Dec 2023,175,8,15,1,1033,812,1318,527,1576,269
20th Dec 2023,20,621,11,2,777,1063,1152,688,1523,317
19th Dec 2023,108,11,28,1,1394,445,1512,327,1633,206
18th Dec 2023,126,17,29,1,1409,432,1514,327,1626,215
15th Dec 2023,101,21,34,1,1360,480,1488,352,1610,230
14th Dec 2023,99,19,37,0,1338,502,1462,378,1595,245
13th Dec 2023,118,18,37,1,1312,528,1433,407,1586,254
12th Dec 2023,81,25,36,1,1258,582,1413,427,1578,262
11th Dec 2023,150,11,37,2,1329,512,1467,374,1583,258
8th Dec 2023,85,34,37,3,1303,538,1455,386,1576,265
7th Dec 2023,124,22,41,1,1390,451,1478,363,1589,252
6th Dec 2023,123,12,29,0,1348,493,1444,397,1585,256
5th Dec 2023,83,18,30,0,1340,501,1408,433,1557,284
4th Dec 2023,132,11,27,0,1398,444,1433,409,1556,286
1st Dec 2023,93,15,18,0,1300,540,1389,451,1541,299
30th Nov 2023,93,16,23,0,1262,573,1339,497,1521,315
29th Nov 2023,75,19,18,0,1264,569,1332,502,1515,319
28th Nov 2023,117,16,26,0,1277,559,1314,523,1512,325
24th Nov 2023,82,14,31,0,1226,606,1289,545,1508,326
23rd Nov 2023,105,16,36,1,1238,594,1289,545,1493,341
22nd Nov 2023,72,29,27,0,1212,619,1264,568,1480,352
21st Nov 2023,119,26,36,0,1242,591,1279,555,1493,341
20th Nov 2023,118,22,27,2,1193,642,1248,588,1481,355
17th Nov 2023,116,17,32,0,1224,609,1253,581,1478,356
16th Nov 2023,100,10,38,0,1269,564,1272,562,1472,362
15th Nov 2023,144,19,32,1,1243,588,1255,578,1462,371
13th Nov 2023,104,15,25,0,1124,710,1153,682,1437,398
12th Nov 2023,88,12,23,0,1222,608,1219,612,1450,381
10th Nov 2023,88,46,22,0,1036,791,1076,752,1416,412
9th Nov 2023,70,65,24,1,1052,776,1091,738,1413,416
8th Nov 2023,95,36,39,1,1168,659,1163,665,1440,388
7th Nov 2023,107,32,32,1,1140,687,1136,692,1441,387
6th Nov 2023,157,26,26,0,1123,702,1117,709,1447,379
3rd Nov 2023,116,23,18,0,920,904,980,845,1411,414
2nd Nov 2023,103,22,25,0,772,1052,891,934,1381,444
1st Nov 2023,66,34,23,1,594,1230,781,1044,1326,499
31st Oct 2023,90,23,19,1,638,1186,804,1020,1365,459
30th Oct 2023,103,33,9,3,582,1244,790,1036,1351,475
27th Oct 2023,213,16,10,2,522,1299,763,1058,1339,482
26th Oct 2023,95,46,8,6,323,1498,566,1255,1245,576
25th Oct 2023,47,123,7,8,338,1485,577,1246,1279,544
23rd Oct 2023,16,776,12,6,368,1457,672,1153,1341,484
20th Oct 2023,59,60,30,0,937,886,1200,623,1525,298
19th Oct 2023,89,17,38,1,1093,731,1313,511,1563,261
18th Oct 2023,74,36,32,1,1124,699,1345,478,1569,254
17th Oct 2023,121,16,45,0,1307,515,1414,408,1581,241
16th Oct 2023,136,20,52,0,1211,612,1354,470,1567,257
13th Oct 2023,93,10,34,0,1170,653,1325,498,1552,271
12th Oct 2023,116,9,29,0,1213,609,1341,482,1561,262
11th Oct 2023,136,8,34,0,1108,714,1295,527,1539,283
10th Oct 2023,159,11,26,0,921,898,1199,620,1507,312
9th Oct 2023,47,174,24,1,664,1158,1044,778,1478,344
6th Oct 2023,146,4,30,1,1048,765,1288,525,1528,285
5th Oct 2023,134,12,23,1,891,926,1203,614,1509,308
4th Oct 2023,50,27,19,1,766,1049,1113,702,1485,330
3rd Oct 2023,94,21,19,0,956,859,1248,567,1506,309
29th Sep 2023,98,11,17,0,933,879,1238,574,1512,300
28th Sep 2023,49,16,18,1,799,1011,1153,657,1486,324
27th Sep 2023,95,9,15,2,929,880,1248,561,1518,291
26th Sep 2023,66,12,11,2,823,985,1212,596,1504,304
25th Sep 2023,105,25,12,1,818,991,1215,594,1507,302
22nd Sep 2023,70,12,12,0,731,1073,1211,593,1506,298
21st Sep 2023,38,35,17,0,742,1061,1234,569,1514,289
20th Sep 2023,51,23,30,0,966,835,1347,454,1541,260
18th Sep 2023,60,21,16,2,1096,708,1418,387,1558,247
15th Sep 2023,92,14,12,1,1205,594,1450,349,1567,232
14th Sep 2023,141,5,11,0,1164,636,1437,363,1570,230
13th Sep 2023,151,17,13,1,971,828,1354,445,1542,257
12th Sep 2023,12,718,9,0,826,973,1328,472,1526,274
11th Sep 2023,124,33,33,1,1472,329,1558,243,1598,203
8th Sep 2023,81,11,32,0,1481,316,1546,251,1594,203
7th Sep 2023,115,11,43,0,1480,317,1541,256,1588,209
6th Sep 2023,109,16,37,0,1441,356,1522,276,1570,228
5th Sep 2023,131,14,39,1,1437,357,1508,286,1555,239
4th Sep 2023,169,16,44,1,1410,389,1510,289,1551,248
1st Sep 2023,127,13,35,0,1354,441,1469,326,1523,272
31st Aug 2023,86,23,29,0,1260,534,1415,379,1499,295
30th Aug 2023,129,19,33,0,1309,484,1421,372,1517,276
29th Aug 2023,148,14,32,0,1194,599,1356,437,1490,303
28th Aug 2023,130,17,36,0,1086,709,1285,510,1449,345
25th Aug 2023,63,20,25,0,1025,767,1249,543,1440,351
24th Aug 2023,74,21,30,1,1158,632,1309,481,1444,345
23rd Aug 2023,116,15,27,0,1162,628,1308,482,1442,347
22nd Aug 2023,158,13,31,1,1087,700,1267,520,1421,365
21st Aug 2023,134,27,29,3,930,859,1202,587,1393,395
18th Aug 2023,75,32,25,2,869,916,1146,639,1378,406
17th Aug 2023,110,24,29,5,895,888,1165,618,1383,400
16th Aug 2023,155,47,32,8,890,895,1167,618,1379,406
14th Aug 2023,79,102,18,7,888,898,1171,615,1381,405
11th Aug 2023,81,86,20,2,1025,755,1278,503,1418,363
10th Aug 2023,83,62,38,2,1142,635,1329,448,1432,345
9th Aug 2023,137,28,46,2,1209,570,1368,411,1450,329
8th Aug 2023,100,35,20,2,1185,591,1358,418,1435,341
7th Aug 2023,129,62,24,1,1171,609,1353,427,1425,355
4th Aug 2023,123,22,33,2,1155,620,1354,421,1425,350
3rd Aug 2023,89,21,30,2,1044,731,1320,455,1395,380
2nd Aug 2023,42,54,21,2,1077,696,1349,424,1388,385
1st Aug 2023,132,18,31,2,1314,459,1430,343,1424,349
31st Jul 2023,159,25,36,4,1243,532,1384,391,1400,375
28th Jul 2023,89,22,29,1,1133,638,1352,419,1384,387
27th Jul 2023,74,24,22,3,1155,616,1346,425,1370,401
26th Jul 2023,87,31,22,1,1189,581,1367,403,1374,396
25th Jul 2023,105,36,26,0,1138,633,1330,441,1359,412
24th Jul 2023,109,47,23,2,1153,622,1333,442,1358,417
21st Jul 2023,81,25,25,1,1153,593,1335,411,1347,399
20th Jul 2023,84,23,28,1,1216,534,1376,374,1361,389
19th Jul 2023,100,11,22,1,1225,525,1383,367,1353,397
18th Jul 2023,65,35,26,3,1170,580,1344,406,1338,412
17th Jul 2023,106,21,34,1,1275,499,1407,367,1364,410
14th Jul 2023,146,12,24,1,1165,583,1336,413,1331,418
13th Jul 2023,45,46,16,1,1056,694,1280,470,1299,451
12th Jul 2023,88,11,19,1,1170,580,1325,425,1318,432
11th Jul 2023,87,14,16,0,1183,568,1351,400,1324,427
10th Jul 2023,73,29,16,0,1113,654,1350,417,1329,438
7th Jul 2023,52,10,15,1,1208,543,1397,354,1347,404
6th Jul 2023,76,15,21,1,1296,455,1426,325,1361,390
5th Jul 2023,90,16,23,1,1238,513,1404,348,1344,408
4th Jul 2023,74,24,16,0,1172,580,1375,377,1326,426
3rd Jul 2023,97,16,16,0,1233,534,1408,359,1334,433
30th Jun 2023,92,16,16,2,1176,579,1367,388,1318,437
28th Jun 2023,72,15,8,4,1140,615,1342,413,1283,472
27th Jun 2023,89,13,10,3,1116,637,1346,407,1282,471
26th Jun 2023,81,22,17,1,1038,726,1326,438,1280,484
23rd Jun 2023,36,52,13,3,973,778,1317,436,1256,497
22nd Jun 2023,43,52,15,2,1209,546,1417,338,1302,453
